word,frequency
Viral,1
Rajnikant,1
Chilla,1
of,29
BiharğŸ˜ğŸ˜.Watch,1
the,51
full,6
video,12
on,22
my,22
YouTube,12
channel.,8
Link,7
is,22
in,32
bioğŸ¤—ğŸ¤—.#foodieincarnate,5
#reelitfeelit,10
#reelkarofeelkaro,6
#reelsinstagram,7
#reels,11
#bihar,2
#patna,2
#viralfood,6
#explore,7
Coffee,1
date,1
becomes,2
even,2
better,2
with,20
jiggly,1
pancakesğŸ˜‹,1
..#foodieincarnate,1
#sodelhi,1
#newdelhi,1
#foodtalkindia,1
#desifood,1
#delhigram,1
#indianfood,1
#pancake,1
#japanesecuisine,2
#coffee,1
#delhi,1
#delhifood,1
#delhifoodie,1
#jigglypancake,1
#pancakes,2
#foodblogger,1
#delhifoodblogger,1
#mumbaifoodblogger,1
#indianfoodblogger,1
#selectcitywalk,1
#indianfoodie,1
#thingstodoindelhi,1
#japanesefood,1
Volcano,1
Panipuri,1
SuratğŸ˜³ğŸ˜³.Watch,1
#panipuri,2
#streetfood,4
#golgappa,2
Rabdi,1
Bun,1
"Makhan,",1
one,4
most,3
loved,2
dish,3
PatnağŸ˜³ğŸ˜³.Watch,1
Tastiest,1
Kanji,1
Vada,1
that,5
can,3
get,3
Delhi-NCRğŸ˜ğŸ˜ğŸ“Ghanta,1
"Ghar,",1
Ghaziabad.#foodieincarnate,1
#ghaziabad,1
#ghaziabadfood,1
#indianstreetfood,3
Tag,3
a,21
panipuri,1
loverğŸ¤­ğŸ¤­.Watch,1
#puchka,1
#golgappe,1
#bihari,1
Making,2
â€˜SECRET,1
MASALAâ€™,1
300+,1
SpicesğŸ˜±ğŸ˜±,1
.Watch,1
bioğŸ¤—ğŸ˜³.#foodieincarnate,1
#mumbai,1
Had,1
an,5
amazing,2
lunch,1
today,1
at,9
Mosaic,1
@crowneplazagreaternoida,1
.,1
Brunch,1
here,2
had,2
enough,1
variety,1
and,40
taste,1
dishes,1
was,4
also,3
pretty,1
good.ğŸ‘ğŸ».#foodieincarnate,1
#staycation,1
#crowneplaza,1
#foodieincarnaterestaurantreviews,1
#crowneplazagreaternoida,1
Bhaang,1
IndiağŸ˜±ğŸ˜±.Watch,1
#bhaang,1
#hash,1
#high,1
100%,1
Pure,1
Veg,1
Mutton,1
Rogan,1
JoshğŸ˜±ğŸ˜±,1
à¤µà¥‡à¤œ,2
à¤…à¤‚à¤¡à¤¼à¤¾,1
à¤­à¥à¤°à¥à¤œà¥€,1
à¤”à¤°,1
à¤šà¤¿à¤•à¤¨,1
à¤¬à¤¿à¤°à¤¯à¤¾à¤¨à¥€,1
à¤­à¥€,1
à¤®à¤¿à¤²à¤¤à¥€,1
à¤¹à¥ˆ,1
à¤¯à¤¹à¤¾à¤ğŸ˜³ğŸ˜³.@vezlayfoods,1
.#foodieincarnate,1
#iitf2022,1
#vegan,1
#veganfood,1
#plantbased,1
#govegan,1
Soulful,1
Diabetic-friendly,1
#southIndian,1
mealâ¤ï¸Flipkart,1
Health+,1
running,1
Indiaâ€™s,1
biggest,1
#diabetes,1
care,1
"sale,",1
Diabetes,1
Free,1
"Days,",1
till,2
16th,1
Nov.,2
Grab,1
Best,2
Savings,1
Diabetic,1
Medicines,1
&,10
more,2
right,1
now!,1
For,1
health,1
"tips,",1
follow,2
@FlipkarthealthplusINGREDIENTS,1
Barnyars,1
millet,1
500gMoong,1
dal,2
100gTamarind,1
extract,1
500mlChanadal,1
3tblsUrad,1
2tblsCoriander,1
seeds,3
2,5
1/2,2
tblsRed,1
chillies,1
15noPepper,1
1tblsJeera,1
1tblsElachi,1
4nosLavang,1
5nosMarathi,1
moggu,1
2Cinnamon,1
stickNutmeg,1
1/2Curry,1
leaves,1
handfulSaltMustard,1
1teaspoonChannadal,1
1,6
tablespoon.#FlipkartDiabetesFreeDays,1
#FlipkartHealthPlus#foodzeee,1
Dhaba,1
style,1
paneer,1
curry,2
special,1
kadha,1
masala,2
made,5
cookware,4
from,7
@potsandpans.inPotsandPans.in,1
India,1
brings,1
multitude,1
avant-garde,1
kitchen,3
utensils,1
tools,1
unrivalled,1
durability,1
unmatchable,1
safety,1
standards.,1
Their,1
expertly,1
curated,1
portfolio,1
brands,2
features,1
over,4
150,2
plus,1
international,1
"products,",1
spanning,1
across,3
"saucepan,",1
sautÃ©,1
"pan,",3
"grill-pan,",1
fry,1
milk,1
stick,1
"pot,",1
"stir-fry,",1
"wok,",1
casseroles,1
to,33
innumerable,1
accessories.,1
The,4
featured,1
will,7
offer,1
you,12
unprecedented,1
execution,1
as,7
blueprint,1
your,5
cooking,1
aspirations,1
explore,1
culinary,1
cosmos.Switch,1
naturally,1
safe,2
",",4
healthy,1
@potsandpans.inOrder,1
yours,1
their,5
website,1
www.potsandpans.in,1
using,2
discount,2
code,1
-,12
FOODZEE15,1
for,17
extra,1
15%,1
above,1
discounts,1
availableCheckout,1
channel,3
detailed,1
recipe,7
.#paneer#dhabapaneer#recipe,1
#PotsandPans#meyercookware,1
#foodzeee,3
AMBROSIAL!,1
â¤ï¸,1
Soft,1
idlis,1
steamed,1
antique,1
vintage,1
Brass,1
Idli,1
Patra.Team,1
IDLI-SAMBAR,1
Or,1
Team,1
IDLI-PODI,1
?,1
Comment,1
Below,1
ğŸ’¬#idli#sambar#southindian#recipe#foodzeee,1
Dahi,1
Tadka,1
(,1
Spiced,1
yogurt,1
),1
phulka,1
Detailed,3
#dahi#dahitadka,1
#recipe,4
Chettinad,1
Therakkal,1
Idiyappam,1
Cooking,1
150-year-old,1
Traditional,1
chettinad,1
mansion,1
â¤ï¸Chettinad,1
Serirs,1
#1,1
bio,1
@foodzeee,1
or,4
search,1
FOODZEEE,1
#therakkal#chettinad#recipe,1
Diwali,2
Contest,1
Alert!,1
âœ¨What,1
have,6
do?-,1
Create,1
sweet,1
Milky,4
Mist,4
Products.,1
ghee,2
must,5
be,8
ingredients!-,1
3,2
friends,1
comments!-,1
Follow,1
our,2
page,1
Instagram,1
Facebook,2
save,1
this,14
post!Whatâ€™s,1
up,3
grabs?Winners,1
Amazon,1
Vouchers,1
worth,1
Rs.,1
3000/-Rules,1
participate:-,1
All,3
participants,3
@milkymistdairy,1
Instagram.-,1
use,2
#MilkyMistDiwaliChallenge,2
#CookwithMilkyMist,1
#GheeChallenge,1
post.-,1
keep,1
accounts,1
"""Public.""-",1
Participants,1
recipeWe,1
easy,1
melt-in-mouth,1
halwa,1
instant,2
gulab-jamun,6
mix,3
ghee.The,1
last,1
day,2
participate,1
October,1
30th.All,1
best!,1
âœ¨T&C,1
apply!#foodzeee#Diwali,1
Vooki,1
has,2
been,3
go-to,1
home,1
cleaning,2
products,2
while,1
now.,1
They,1
are,4
eco-friendly,1
which,3
skin,1
biodegredable.,1
Eco-friendly,1
new,1
lifestyle,1
now,4
vooki,1
best.,1
Love,2
range,1
personal,1
favorite,1
wash,1
hard,2
stain,1
cleaner.,1
Would,1
recommend,1
brand,1
any,2
other.,1
â¤,1
Level,1
game,1
@vooki_products#Vooki,1
#VookiProducts,1
#VookiHomeCleaning,1
#VookiDishWash,1
#VookiHardStain,1
#DishWashCleaner,1
#KitchenCleaning,1
#HomeCleaning,1
#HomeCleaningProducts,1
Gear,1
festive,2
season,4
ğŸª”,1
@sgr777food,2
Navratri,1
marks,1
start,1
closely,1
followed,1
by,6
Dusshera,1
lasts,1
ChristmasNo,1
Indian,1
festival,2
complete,2
without,1
list,1
.This,1
traditional,2
dessert,3
centre,1
attraction,1
every,2
occasion,1
India.who,1
resist,1
lucuios,1
combo,1
warm,1
Vannila,1
icecream?ğŸ˜€We,1
soft,1
spongy,1
it,3
turned,1
out,1
super,2
juicy,1
delicious,1
just,4
like,1
scratch,1
â¤ï¸777,1
hasâœ”ï¸No,1
artificial,2
colour,1
âœ”ï¸No,1
flavourâœ”ï¸No,1
Hydrogenated,1
fat180g,1
packet,1
makes,1
36,1
jamuns.Shop,1
@,1
www.sgr777foods.com#gulabjamun,1
#777foods,1
#dussehra,1
#Navratri,1
Tandoori,1
Corn,1
|,1
Roasted,1
tandoori,1
bhuttaDetailed,1
uploaded,2
soon.#corn#tandooricorn,1
#butta,1
#recipe#foodzeee,2
Thakkali,1
(Tomato),1
gotsu,1
ven,1
pongal,1
soon.#gotsu#tomato#pongal#thakkaligotsu,1
My,1
favourite,1
coffee,1
â˜•ï¸,1
#Winterspecial,1
#drinkcoffee,1
#coffeemorning,1
#coffeemoment,1
#coffeeislove,1
#freshcoffee,1
#caffeinated,1
#dailycoffee,1
#coffeelifestyle,1
#igcoffee,1
#foodiesince96,10
comes,1
all,5
shapes,1
"sizes,",1
Chocolate,2
Bomb,1
â¤ï¸#eatdessertfirst,1
#dessertfirst,2
#icecreamporn,1
#instadesserts,2
#dessertheaven,2
#tastydessert,2
#chocolatedessert,1
#icecreamlove,1
Perfect,1
Sunday,1
Brunch.,1
ğŸ½ï¸ğŸ’›#sundaylove,1
#daywellspent,1
#brunchvibes,1
#cameraeatsfirst,1
#brunchlife,1
#brunchlover,1
#weekendbrunch,1
#brunchgoals,1
#localrestaurant,1
#brunch,1
perfect,1
HUG,1
IN,1
A,1
MUG,1
ğŸ’œğŸ’œ,1
#hotchocolate,2
ğŸ’›#reels,1
#christmasdrink,1
#winterdrinks,1
#hotchocolatetime,1
#christmastreats,1
#christmasfeels,1
#recipesharing,1
#simplerecipe,1
#instarecipe,1
#quickrecipe,1
Banaras,2
30,1
seconds!!,1
ğŸ’œOne,1
best,4
memories,2
ever!!,1
"beauty,",1
love.,1
#travellersofindia,1
#tourismindia,1
#travelindia,1
#benarasi,1
#amazingindia,1
#banaras,1
#incridibleindia,1
#gangaghat,1
#visitindia,1
#foodiesince96travels,2
"1.12.2022,",1
This,2
year,2
about,4
learning,1
healing.,1
ğŸŒŸâœ¨I,1
canâ€™t,1
believe,1
end,1
I,4
life.,2
ğŸ’œğŸ§¿,1
GOAâ€™22,1
ğŸï¸,1
#sunsetaddict,1
#sunsetclouds,1
#sunsetstrip,1
#lovesunsets,1
#skybrilliance,1
#goldensky,1
#sunsetlandscape,1
#bestbeaches,1
#bythebeach,1
#beachscape,1
tried,3
called,1
ISPAHAN,1
"(Macaron,",1
Rose,1
"Petal,",1
Fresh,1
"Raspberries,",1
Lychees),1
LadurÃ©e.,1
#eatdessertfirst,1
#foodielove,1
#foodiesofig,3
#foodieblogger,1
#foodieheaven,2
#igeats,2
#eatwithme,2
#tastedwithmehaku,2
went,1
Chaayos,1
Badam,2
Thandai,1
Chai,1
so,4
good,1
ğŸ’¯,1
it.,1
#gooddrinks,1
#bestbar,1
#bartenderslife,1
#mixeddrinks,1
#drinks,1
#bartenderstyle,1
#drinkstime,1
#bestbars,1
#worldsbestbars,1
#drinkspecial,1
Kebab,1
"platter,",1
yum,1
tasty,1
ğŸ˜#reels,1
#tastebuds,1
#authenticfood,1
#foodvibes,2
#goodfoodguide,1
#platter,1
#indiansnacks,1
#foodforsoul,1
#tangy,1
Cheese,3
wheel,1
pasta,1
Spezia,1
"Bistro,",1
Noida.,1
ğŸ˜ğŸ˜,1
#cheesehead,1
#cheeseplease,1
#cheeselove,1
#foodposts,1
#macandcheese,1
#macaroniandcheese,1
#eeeeeeats,1
Inspired,1
@krispykremeâ€™s,1
ğŸ©,1
famous,2
"logo,",1
@epheadcovers,1
designed,1
these,2
putter,1
covers,1
hungry,1
golfer,1
ğŸŒğŸ¼â€â™‚ï¸,1
both,1
businesses,1
were,1
established,1
"Winston-Salem,",1
North,1
Carolina,1
late,1
1930s.#foodnews,1
#doughnuts,2
#donuts,1
#donoughtlover,1
#krispykreme,1
#epheadcovers,1
#golflife,1
#customheadcovers,1
#golf,1
#golfer,1
#golfstagram,1
#golfcourse,1
#golfing,1
#pga,1
#golfequipment,1
#golfaddict,1
#pgatour,1
#golfislife,1
#golfpro,1
#golfday,1
#headcover,1
#puttercovers,1
#progolfer,2
#golfwrx,1
#golfheadcover,1
#madeintheusa,1
#golfclub,1
#sportsequipment,1
#golfstyle,1
@fritolay,1
@cheetos,1
wants,2
add,1
little,1
heat,1
holiday,2
ğŸ”¥â›„ï¸ğŸª,1
Cheetos,1
Flamin',1
Hot,1
Gingerbread,1
Cookies.,1
Here's,1
how,1
make,3
it...1,1
cup,7
(250,1
mL),15
CHEETOS,2
CRUNCHYÂ®,2
FLAMIN',2
HOTÂ®,2
Flavored,2
Snacks2,1
cups,1
(500,1
all-purpose,1
flour1/3,1
(75,1
cocoa,2
powder2,1
tsp,10
(10,3
ground,3
cinnamon2,1
cloves2,1
ginger1,1
(5,3
baking,5
soda1/2,1
(2,1
powder1/4,1
(1,1
salt3/4,1
(175,1
unsalted,1
"butter,",2
room,1
temperature1/4,1
(60,3
packed,1
brown,2
sugar1,1
egg1/4,1
molasses1,1
vanilla,1
extract1/2,1
(125,1
semi-sweet,1
chocolate,3
chunks1/4,1
turbinado,2
sugarIn,1
food,3
"processor,",1
pulse,1
Snacks,1
fine,1
crumbs,1
(you,1
should,1
1/3,1
cup/75,1
mL,1
crumbs);,1
set,2
aside.In,1
"bowl,",1
sift,1
together,1
CHEETOSÂ®,1
"crumbs,",1
"flour,",1
"powder,",1
"cinnamon,",1
"cloves,",1
"ginger,",1
"soda,",1
powder,1
salt;,1
aside.Using,1
electric,1
"mixer,",1
beat,2
butter,1
sugar,1
until,4
light,1
"fluffy,",1
scraping,1
down,1
sides,1
bowl,1
needed.,1
Beat,2
egg,1
combined.,1
molasses,1
vanilla.,1
Stir,1
flour,1
mixture;,1
blended.,1
Fold,1
chunks.,1
Cover,1
refrigerate,1
hour.Preheat,1
oven,1
375Â°F,1
(180Â°C).,1
Evenly,1
roll,1
dough,1
into,1
1/2-inch,1
(4,1
cm),2
balls;,1
place,1
parchment,1
paperâ€“lined,1
"sheets,",1
inches,1
apart.,1
Flatten,1
tops,2
slightly;,1
sprinkle,1
evenly,1
sugar.Bake,1
batches,1
10,2
12,1
minutes,1
golden,1
crisp,1
around,1
edges,1
set.,1
Let,1
cool,2
completely,1
racks.#baking,1
#bakingrecipes,1
#holidaycookies,1
#holidays,1
#cheetos,1
#cheeselover,1
#spicy,1
#spicyfood,1
#recipeinspo,1
#cookies,1
#cookiesofinstagram,1
"@50TopPizza,",1
online,1
guide,1
focusing,1
Italian,1
pizzeria,1
"world,",1
crowned,1
New,1
Yorkâ€™s,1
own,2
@unapizzanapoletana,1
very,1
such,2
parlor,1
United,1
States.,1
ğŸ¥,1
@cheatdayeats,1
#foodnews,3
#foodscene,2
#pizza,2
#pizzalover,2
#pizzeria,1
#toppizza,1
#newyorkcity,2
#newyorkfood,1
majestical,1
â€œcloud-dessertâ€,1
ğŸŒ§ğŸ°,1
Michelin,1
Star,1
restaurant,2
@cellercanroca,1
world-renowned,1
Chef,1
@jordirocasan,1
absolutely,2
mesmerizing.,1
magic,1
almost,1
surreal,1
â€œcakeâ€,1
cloud.,1
It,1
condensates,1
aromatic,1
rain,1
"plate,",1
enriching,1
other,1
components.,1
And,1
fly,1
"away,",1
if,1
donâ€™t,1
hold,1
onto,1
it.This,1
unbelievable,1
taken,1
@danielgreve,1
wine,1
writer,1
Chile,1
Academy,1
Chair,1
Worldâ€™s,1
50,1
Restaurants.#foodscene,1
#michelinstar,1
#bestrestaurants,1
#bestrestaurant,1
#spain,1
#spainğŸ‡ªğŸ‡¸,1
#chefstable,1
#gastronomy,1
#dessert,1
#dessertporn,1
Who,1
McMillionare?,1
ğŸ’µğŸ”,1
@mcdonalds,1
giving,1
away,1
its,2
legendary,1
"""McGold",1
"Card,""",1
entitling,1
holder,1
free,4
McDonald's,1
Previously,1
ultimate,1
status,1
symbol,1
only,4
available,2
few,1
chosen,1
elite,1
@thisisbillgates,1
@roblowe,1
but,2
three,2
people,1
opportunity,1
win,1
four,1
McGold,2
Cards,1
each,1
â€”,2
"""not",1
"you,",1
"besties,",1
"too""",1
promote,1
brandâ€™s,1
so-called,1
"""SZN",1
"Sharing.""",1
who,2
youâ€™d,1
share,2
Card,1
below,1
ğŸŸğŸ‘‡,1
#mcdonalds,1
#hamburger,1
#fries,1
#holidayseason,1
@ixtanyc,1
coming,1
hot,2
itâ€™s,1
spicy,1
"margarita,",1
NYC,1
LES,1
sceneğŸ”¥ğŸŒ®ğŸ¥ƒ,1
Serving,1
upscale,1
Oaxaca,1
Regional,1
Mexican,4
Cuisine,1
twist;,1
along,2
incredible,1
selection,1
imported,1
artisanal,1
mezcal,1
tequila,1
handpicked,1
various,1
regions,1
Mexico.,1
Tulum,1
themed,1
Restaurant,1
Marcelo,1
Martins,1
Mike,1
Himani,1
(the,1
team,1
behind,1
multiple,1
acclaimed,1
restaurants,1
gold-coast,1
NJ),1
combines,1
savory,1
house-made,1
Oaxacan,1
moles,1
freshly,1
sourced,1
cuisine.,1
Mezcal,1
lovers,1
look,1
no,1
further,1
than,2
IXTA,1
ğŸ¥ƒğŸ‘€#foodscene,1
#mexicanfood,1
#mexicanrestaurant,1
#mezcal,1
#tequila,1
#tacos,2
#tacotuesday,1
#birriatacos,1
#ixtanyc,1
@doughdoughnuts,1
drops,1
â€œWorld,1
Cup,1
Doughnutsâ€,1
locations,1
âš½ï¸ğŸ©ğŸ¥…,1
Coconut,1
Cheesecake,1
soccer,1
ball,1
top.,1
#doughdoughnuts,1
#doughnutlover,1
#worldcup2022,1
#fifaworldcup,1
#fifaworldcup2022,1
#soccer,1
#fÃºtbol,1
@simpleskillet,1
want,1
say,1
goodbye,1
leftovers,1
sandwich,1
hello,1
Thanksgiving,1
Crunchwrap,1
supreme,1
ğŸ¦ƒğŸŒ®#thanksgiving,1
#thanksgivingfood,1
#recipes,1
#crunchwrap,1
#crunchwrapsupreme,1
#tacobell,1
Fashion,1
meets,1
breakfast,2
ğŸ‘•ğŸ¥.,1
@dennysdiner,1
dropping,1
hottest,1
wearable,1
"year,",2
first,1
T-shirt,1
doubles,1
yearlong,1
subscription.,1
By,1
wearing,1
$5.99,1
T-Shirt,1
Dennyâ€™s,1
"location,",1
entitled,1
Everyday,1
Value,1
"Slam,",1
AKA,1
"$2,186",1
value!,1
Just,1
sure,1
not,1
spill,1
syrup,1
valuable,1
everyday,1
outfit.Denny's,1
releasing,1
shirts,1
"nation,",1
head,1
DinerDrip.com,1
midnight,1
"24,",1
risk,1
missing,1
out.#foodnews,1
#dennysbreakfast,1
#breakfast,1
#blackfriday,1
#blackfridaysale,1
Fans,1
mega-influencer,1
@daviddobrik,1
consuming,1
his,2
viral,1
social,1
content,1
"years,",1
theyâ€™ll,1
chance,1
consume,1
some,2
signature,1
pizza.,1
Alongside,1
@ilyafeddy,1
two,1
opened,1
@doughbriks,1
pizza,2
Sunset,1
Strip,1
Los,1
"Angeles,",1
â€œpizza-partyâ€,1
pizza-disco,1
accessible,1
Debrisâ€™s,1
Token,1
when,1
order,1
pie,1
ğŸ•ğŸ•ºğŸ’ƒ#foodnews,1
#pizzaria,1
#influncer,1
#hollywood,1
#losangeles,1
#california,1
Grilled,1
cheese,1
garlic,3
bread,2
tastes,2
Dominos.ğŸ¤¤â¤ï¸All,1
need,2
crushed,1
"garlic,",1
"oregano,",1
chilli,3
"flakes,",1
slices,1
loads,1
mozzarella,1
cheese.ğŸ˜‹.#cheese,1
#cheesy,1
#garlicbread,1
#recipevideo,2
#reelsvideo,1
#feelkaroreelkaro,7
Hosted,1
colorful,1
party,1
studio,3
much,1
fun!!ğŸ¥°â¤ï¸,1
@thisisdelhi,2
@komalarora95,1
@kuljyoti.dhingra,1
@_adatewithlife_,3
@_glittery_veins_Beautiful,1
decor,1
@surprisesutra,1
ğŸˆ,1
.#colourthemedparty,1
#trendingereels,1
#colortheme,1
#explorepage,1
#fun,1
Rum,2
toh,1
dawai,1
hai,1
ğŸ˜‚ğŸ˜‚ğŸ˜‚,1
vodka,1
Beer,1
@food_lunatic,1
#funny,2
#funnyreels,1
#comedy,1
#memes,1
#foodreels,1
#reelsindia,1
To,1
months,1
sheer,1
"work,",1
dedication,1
investment.,1
Happy,1
announce,1
dreamy,1
ready,1
am,1
excited,1
work,1
here!!ğŸ˜Grateful,1
everyone,1
helped,1
me,1
building,1
"dream,",1
motivation,1
love!!ğŸ¥°â¤ï¸,1
Canâ€™t,1
wait,1
tour,1
all!!ğŸ¥³Thankyouuu,1
@bakedbybhawna,1
beautiful,1
cake!!!,1
Lovee,1
youu!!ğŸ˜˜,1
.#kitchenstudio,1
#foodlunatic,1
#newbeginning,1
#grateful,1
#studio,1
#kitchen,1
Have,1
Aslam,1
Butter,1
Chicken?ğŸ˜.#chicken,1
#aslamchicken,1
#jamamasjid,1
#olddelhi,1
#exploredelhi,2
#aslambutterchicken,1
#butterchicken,1
One,1
pot,1
noodle,1
amazing.ğŸAll,1
--,1
tbsp,5
flakes,1
sesame,2
chopped,1
vinegar,1
soya,1
sauce,1
tomato,1
ketchup,1
Salt,1
taste-,1
1/4,1
black,1
pepper,1
powder-,1
4,1
oil-,1
Spring,1
onions,1
garnish,1
.#noodles,1
#chilligarlic,1
#trending,2
How,1
this!!ğŸ˜Biryani,1
served,1
cooker,1
Pot,1
"Pot,",1
Saket!.#biryani,1
#foodie,2
#chickenbiryani,1
#delhidiaries,1
Attending,1
weddings,1
fokat,1
ka,1
khana.ğŸ«£ğŸ¤£Ib,1
@anmolsachar,1
.#meradilyepukareaaja,1
#weddingseason,1
##feelkaroreelkaro,1
#viralvideos,1
Now,1
thatâ€™s,1
OG,1
foodie,1
anthem!!ğŸ«£.#foodie,1
#iwannathankme,1
#thanksgiving,1
#relatable,2
#foodlover,1
Ye,1
dukh,1
kahe,1
khatam,1
nai,1
hota,1
beyy!?ğŸ¥¹Location,1
@og.bistroandlounge,1
.#relatablememes,1
#trend,1
#meme,1
#food,1
#overeating,1
